{
  "athena_release_date": "2026-04-30",
  "runs": [
    {
      "backend": "bm25s",
      "mrr": 0.3895686507936505,
      "n": 1000,
      "top_1": 0.288,
      "top_10": 0.588,
      "top_5": 0.528
    },
    {
      "backend": "faiss",
      "mrr": 0.36096626984126984,
      "n": 1000,
      "top_1": 0.278,
      "top_10": 0.551,
      "top_5": 0.473
    },
    {
      "backend": "hybrid",
      "mrr": 0.3430015873015869,
      "n": 1000,
      "top_1": 0.251,
      "top_10": 0.558,
      "top_5": 0.473
    }
  ]
}
